point,1,0.043434
point,1,0.043995
point,1,0.046722
point,1,0.042082
point,1,0.041845
point,1,0.043163
point,1,0.04184
point,1,0.043092
point,1,0.041547
point,1,0.04674
point,1,0.044171
point,1,0.047516
point,1,0.0427
point,1,0.049592
point,1,0.045801
point,1,0.045249
point,1,0.044739
point,1,0.052491
point,1,0.040724
point,1,0.042837
point,1,0.044436
point,1,0.044824
point,1,0.050866
point,1,0.043499
point,1,0.045749
point,1,0.044479
point,1,0.042766
point,1,0.043885
point,1,0.042721
point,1,0.041631
point,1,0.043225
point,1,0.04628
point,1,0.044619
point,1,0.044241
point,1,0.050755
point,1,0.044299
point,1,0.047418
point,1,0.043417
point,1,0.052132
point,1,0.046076
point,1,0.042836
point,1,0.045829
point,1,0.045881
point,1,0.046018
point,1,0.043751
point,1,0.042988
point,1,0.047644
point,1,0.043559
point,1,0.046519
point,1,0.050976
point,1,0.045098
point,1,0.044063
point,1,0.044858
point,1,0.042882
point,1,0.049785
point,1,0.044106
point,1,0.042886
point,1,0.04485
point,1,0.043909
point,1,0.043556
point,1,0.049674
point,1,0.04747
point,1,0.045827
point,1,0.047321
point,1,0.051451
point,1,0.045692
point,1,0.045694
point,1,0.048442
point,1,0.050262
point,1,0.044762
point,1,0.04475
point,1,0.046861
point,1,0.047716
point,1,0.043249
point,1,0.049535
point,1,0.045904
point,1,0.046485
point,1,0.043286
point,1,0.047331
point,1,0.04629
point,1,0.045313
point,1,0.046697
point,1,0.04783
point,1,0.043761
point,1,0.045253
point,1,0.044017
point,1,0.043744
point,1,0.04529
point,1,0.051653
point,1,0.046848
point,1,0.045009
point,1,0.046008
point,1,0.047006
point,1,0.044174
point,1,0.046979
point,1,0.04643
point,1,0.050178
point,1,0.043283
point,1,0.046219
point,1,0.08054
point,1,0.053588
point,1,0.044001
point,1,0.044575
point,1,0.044125
point,1,0.051579
point,1,0.045769
point,1,0.043249
point,1,0.043469
point,1,0.042804
point,1,0.046089
point,1,0.057376
point,1,0.0439
point,1,0.048838
point,1,0.047543
point,1,0.045587
point,1,0.046972
point,1,0.044679
point,1,0.043749
point,1,0.042928
point,1,0.046302
point,1,0.051958
point,1,0.05439
point,1,0.054316
point,1,0.053519
point,1,0.044564
point,1,0.06835
point,1,0.041972
point,1,0.044407
point,1,0.048157
point,1,0.05582
point,1,0.046468
point,1,0.049833
point,1,0.048181
point,1,0.051007
point,1,0.048466
point,1,0.05025
point,1,0.042694
point,1,0.044087
point,1,0.045147
point,1,0.043454
point,1,0.046253
point,1,0.048379
point,1,0.049214
point,1,0.043365
point,1,0.044117
point,1,0.046875
point,1,0.049528
point,1,0.046754
point,1,0.043759
point,1,0.047193
point,1,0.046328
point,1,0.048067
point,1,0.046522
point,1,0.048289
point,1,0.04439
point,1,0.042774
point,1,0.042678
point,1,0.049946
point,1,0.049788
point,1,0.048692
point,1,0.0475
point,1,0.047742
point,1,0.052253
point,1,0.049445
point,1,0.04649
point,1,0.045035
point,1,0.043138
point,1,0.045257
point,1,0.041091
point,1,0.04322
point,1,0.051795
point,1,0.049741
point,1,0.044005
point,1,0.049629
point,1,0.045722
point,1,0.045352
point,1,0.04593
point,1,0.044506
point,1,0.048388
point,1,0.050869
point,1,0.044814
point,1,0.048821
point,1,0.049984
point,1,0.045068
point,1,0.043924
point,1,0.049927
point,1,0.05389
point,1,0.044193
point,1,0.04573
point,1,0.043379
point,1,0.050665
point,1,0.048044
point,1,0.04696
point,1,0.04729
point,1,0.045039
point,1,0.04308
point,1,0.041785
point,1,0.044673
point,1,0.043943
point,1,0.046058
point,1,0.047157
point,1,0.045571
point,1,0.044002
point,1,0.044641
point,1,0.043651
point,1,0.044187
point,1,0.044697
point,1,0.048741
point,1,0.043944
point,1,0.04781
point,1,0.046566
point,1,0.046806
point,1,0.043286
point,1,0.045295
point,1,0.04652
point,1,0.043005
point,1,0.042488
point,1,0.044966
point,1,0.053393
point,1,0.043626
point,1,0.046602
point,1,0.04283
point,1,0.047014
point,1,0.042739
point,1,0.047738
point,1,0.050095
point,1,0.047998
point,1,0.048138
point,1,0.043923
point,1,0.045416
point,1,0.044838
point,1,0.044202
point,1,0.048279
point,1,0.04459
point,1,0.045377
point,1,0.055298
point,1,0.045372
point,1,0.045444
point,1,0.047331
point,1,0.044627
point,1,0.05121
point,1,0.044345
point,1,0.046687
point,1,0.046847
point,1,0.047178
point,1,0.04346
point,1,0.043758
point,1,0.043785
point,1,0.050922
point,1,0.046869
point,1,0.045492
point,1,0.045585
point,1,0.045232
point,1,0.048902
point,1,0.044131
point,1,0.044194
point,1,0.047581
point,1,0.055831
point,1,0.046483
point,1,0.045221
point,1,0.046118
point,1,0.045062
point,1,0.045422
point,1,0.045008
point,1,0.04267
point,1,0.047965
point,1,0.052409
point,1,0.046417
point,1,0.064281
point,1,0.049732
point,1,0.045565
point,1,0.044145
point,1,0.043938
point,1,0.044148
point,1,0.060131
point,1,0.043878
point,1,0.043837
point,1,0.047483
point,1,0.044405
point,1,0.043802
point,1,0.047846
point,1,0.050051
point,1,0.047655
point,1,0.046736
point,1,0.044935
point,1,0.045349
point,1,0.056307
point,1,0.045747
point,1,0.046087
point,1,0.044242
point,1,0.045005
point,1,0.047951
point,1,0.044583
point,1,0.045096
point,1,0.046959
point,1,0.048159
point,1,0.044407
point,1,0.043971
point,1,0.049311
point,1,0.04284
point,1,0.048711
point,1,0.042958
point,1,0.047361
point,1,0.043173
point,1,0.044085
point,1,0.045366
point,1,0.043511
point,1,0.044896
point,1,0.043881
point,1,0.04554
point,1,0.047598
point,1,0.049756
point,1,0.04477
point,1,0.04512
point,1,0.044791
point,1,0.043339
point,1,0.042707
point,1,0.045889
point,1,0.047379
point,1,0.056855
point,1,0.054677
point,1,0.04915
point,1,0.044694
point,1,0.046704
point,1,0.045656
point,1,0.044336
point,1,0.046491
point,1,0.050029
point,1,0.043603
point,1,0.050042
point,1,0.04662
point,1,0.045354
point,1,0.043446
point,1,0.045484
point,1,0.046688
point,1,0.048887
point,1,0.04491
point,1,0.046117
point,1,0.045007
point,1,0.047891
point,1,0.046163
point,1,0.046858
point,1,0.044471
point,1,0.048217
point,1,0.046611
point,1,0.047412
point,1,0.045413
point,1,0.042842
point,1,0.056998
point,1,0.052194
point,1,0.044913
point,1,0.0458
point,1,0.044982
point,1,0.046542
point,1,0.054468
point,1,0.041298
point,1,0.043561
point,1,0.043171
point,1,0.042983
point,1,0.044582
point,1,0.043133
point,1,0.042906
point,1,0.04448
point,1,0.044064
point,1,0.045492
point,1,0.047302
point,1,0.043066
point,1,0.044104
point,1,0.046478
point,1,0.052207
point,1,0.042859
point,1,0.044801
point,1,0.048815
point,1,0.052929
point,1,0.043889
point,1,0.047498
point,1,0.048625
point,1,0.049898
point,1,0.051278
point,1,0.050214
point,1,0.053139
point,1,0.06302
point,1,0.044049
point,1,0.049798
point,1,0.049689
point,1,0.051558
point,1,0.052934
point,1,0.051599
point,1,0.047635
point,1,0.058173
point,1,0.049605
point,1,0.051511
point,1,0.05893
point,1,0.084892
point,1,0.05974
point,1,0.051519
point,1,0.049088
point,1,0.043683
point,1,0.046526
point,1,0.041858
point,1,0.043939
point,1,0.046306
point,1,0.045243
point,1,0.044943
point,1,0.044955
point,1,0.046052
point,1,0.046334
point,1,0.047113
point,1,0.052207
point,1,0.051031
point,1,0.048576
point,1,0.046458
point,1,0.045318
point,1,0.043859
point,1,0.044551
point,1,0.046409
point,1,0.045705
point,1,0.049868
point,1,0.051331
point,1,0.049366
point,1,0.048995
point,1,0.048981
point,1,0.050983
point,1,0.051285
point,1,0.04478
point,1,0.04706
point,1,0.049111
point,1,0.046445
point,1,0.044513
point,1,0.048026
point,1,0.046632
point,1,0.049904
point,1,0.045514
point,1,0.061428
point,1,0.044353
point,1,0.046385
point,1,0.045205
point,1,0.049259
point,1,0.04373
point,1,0.050072
point,1,0.047785
point,1,0.046211
point,1,0.047071
point,1,0.046841
point,1,0.044017
point,1,0.045067
point,1,0.046163
point,1,0.042823
point,1,0.046027
point,1,0.051299
point,1,0.047004
point,1,0.050337
point,1,0.046822
point,1,0.045444
point,1,0.046933
point,1,0.044526
point,1,0.04548
point,1,0.046918
point,1,0.047566
point,1,0.043454
point,1,0.044891
point,1,0.044641
point,1,0.053292
point,1,0.045617
point,1,0.045784
point,1,0.049438
point,1,0.049353
point,1,0.04549
point,1,0.044502
point,1,0.045075
point,1,0.047813
point,1,0.041856
point,1,0.047387
point,1,0.046297
point,1,0.050559
point,1,0.047196
point,1,0.045511
point,1,0.043619
point,1,0.044694
point,1,0.04896
point,1,0.047725
point,1,0.047729
point,1,0.045731
point,1,0.043313
point,1,0.046025
point,1,0.044417
point,1,0.045618
point,1,0.04754
point,1,0.044141
point,1,0.044317
point,1,0.045231
point,1,0.054364
point,1,0.045287
point,1,0.046701
point,1,0.041908
point,1,0.045057
point,1,0.045492
point,1,0.04803
point,1,0.052365
point,1,0.050875
point,1,0.047812
point,1,0.044693
point,1,0.049214
point,1,0.043238
point,1,0.044807
point,1,0.049935
point,1,0.046677
point,1,0.048851
point,1,0.046783
point,1,0.043797
point,1,0.049632
point,1,0.048397
point,1,0.04893
point,1,0.044695
point,1,0.045348
point,1,0.04403
point,1,0.045214
point,1,0.04639
point,1,0.046617
point,1,0.044403
point,1,0.049089
point,1,0.044364
point,1,0.04646
point,1,0.051952
point,1,0.050715
point,1,0.047768
point,1,0.047286
point,1,0.04676
point,1,0.065168
point,1,0.044425
point,1,0.044939
point,1,0.047938
point,1,0.059113
point,1,0.048552
point,1,0.045327
point,1,0.044454
point,1,0.049478
point,1,0.044389
point,1,0.054569
point,1,0.045995
point,1,0.048399
point,1,0.044579
point,1,0.043068
point,1,0.042475
point,1,0.050392
point,1,0.044381
point,1,0.04383
point,1,0.043671
point,1,0.045677
point,1,0.04302
point,1,0.049484
point,1,0.045484
point,1,0.045462
point,1,0.04371
point,1,0.045104
point,1,0.043428
point,1,0.044405
point,1,0.045139
point,1,0.045049
point,1,0.046128
point,1,0.044612
point,1,0.046789
point,1,0.045352
point,1,0.042372
point,1,0.046017
point,1,0.047142
point,1,0.044903
point,1,0.044275
point,1,0.043624
point,1,0.046929
point,1,0.043839
point,1,0.046608
point,1,0.046173
point,1,0.043752
point,1,0.045765
point,1,0.044905
point,1,0.046587
point,1,0.044778
point,1,0.044145
point,1,0.04556
point,1,0.043511
point,1,0.047677
point,1,0.043463
point,1,0.044978
point,1,0.043952
point,1,0.042594
point,1,0.046671
point,1,0.047019
point,1,0.045013
point,1,0.046872
point,1,0.047351
point,1,0.047554
point,1,0.055239
point,1,0.045231
point,1,0.051063
point,1,0.043766
point,1,0.0516
point,1,0.045027
point,1,0.047894
point,1,0.045794
point,1,0.042656
point,1,0.051655
point,1,0.047896
point,1,0.05262
point,1,0.042557
point,1,0.04309
point,1,0.043956
point,1,0.046201
point,1,0.047666
point,1,0.047561
point,1,0.044295
point,1,0.051377
point,1,0.043606
point,1,0.045833
point,1,0.044134
point,1,0.042515
point,1,0.045556
point,1,0.047179
point,1,0.045733
point,1,0.052935
point,1,0.064177
point,1,0.044131
point,1,0.045107
point,1,0.044146
point,1,0.043718
point,1,0.045299
point,1,0.050376
point,1,0.047512
point,1,0.043207
point,1,0.044561
point,1,0.043267
point,1,0.048357
point,1,0.052972
point,1,0.046136
point,1,0.046027
point,1,0.050482
point,1,0.046021
point,1,0.04742
point,1,0.045256
point,1,0.045234
point,1,0.045712
point,1,0.044727
point,1,0.045619
point,1,0.046386
point,1,0.046716
point,1,0.045775
point,1,0.042463
point,1,0.048028
point,1,0.046153
point,1,0.045897
point,1,0.043998
point,1,0.044295
point,1,0.052167
point,1,0.042008
point,1,0.045195
point,1,0.04402
point,1,0.05641
point,1,0.044865
point,1,0.044478
point,1,0.044179
point,1,0.045556
point,1,0.046015
point,1,0.049237
point,1,0.04314
point,1,0.050543
point,1,0.044675
point,1,0.04493
point,1,0.044772
point,1,0.04844
point,1,0.045193
point,1,0.045079
point,1,0.044981
point,1,0.043243
point,1,0.042704
point,1,0.046014
point,1,0.045783
point,1,0.046233
point,1,0.042461
point,1,0.044106
point,1,0.043697
point,1,0.046359
point,1,0.046028
point,1,0.043073
point,1,0.043691
point,1,0.047068
point,1,0.045595
point,1,0.043855
point,1,0.046071
point,1,0.044671
point,1,0.048229
point,1,0.052965
point,1,0.048378
point,1,0.045397
point,1,0.053477
point,1,0.051403
point,1,0.041217
point,1,0.045778
point,1,0.04495
point,1,0.046065
point,1,0.046844
point,1,0.044803
point,1,0.043735
point,1,0.045949
point,1,0.044101
point,1,0.041477
point,1,0.042309
point,1,0.045553
point,1,0.048923
point,1,0.042713
point,1,0.044992
point,1,0.047696
point,1,0.04406
point,1,0.044833
point,1,0.046772
point,1,0.051796
point,1,0.045623
point,1,0.052747
point,1,0.045862
point,1,0.050142
point,1,0.047288
point,1,0.046107
point,1,0.042788
point,1,0.044329
point,1,0.044374
point,1,0.042793
point,1,0.044769
point,1,0.044561
point,1,0.046507
point,1,0.049548
point,1,0.045741
point,1,0.043684
point,1,0.045602
point,1,0.045619
point,1,0.046594
point,1,0.042914
point,1,0.04537
point,1,0.046034
point,1,0.042523
point,1,0.046576
point,1,0.04751
point,1,0.043688
point,1,0.042755
point,1,0.050184
point,1,0.052608
point,1,0.046005
point,1,0.04313
point,1,0.044261
point,1,0.047329
point,1,0.043288
point,1,0.042733
point,1,0.043013
point,1,0.045624
point,1,0.0541
point,1,0.04861
point,1,0.04511
point,1,0.042254
point,1,0.047396
point,1,0.044013
point,1,0.042355
point,1,0.04974
point,1,0.043164
point,1,0.050428
point,1,0.04267
point,1,0.045118
point,1,0.054285
point,1,0.070578
point,1,0.043618
point,1,0.043343
point,1,0.049679
point,1,0.058607
point,1,0.047761
point,1,0.04694
point,1,0.049439
point,1,0.042267
point,1,0.050684
point,1,0.043676
point,1,0.044898
point,1,0.044363
point,1,0.043463
point,1,0.042253
point,1,0.05857
point,1,0.044419
point,1,0.042324
point,1,0.044692
point,1,0.044592
point,1,0.042395
point,1,0.0433
point,1,0.042157
point,1,0.043615
point,1,0.04416
point,1,0.043046
point,1,0.048356
point,1,0.042393
point,1,0.047277
point,1,0.056856
point,1,0.043297
point,1,0.046221
point,1,0.053432
point,1,0.048119
point,1,0.041861
point,1,0.041191
point,1,0.044405
point,1,0.042108
point,1,0.044623
point,1,0.04484
point,1,0.05055
point,1,0.043366
point,1,0.043653
point,1,0.046399
point,1,0.042721
point,1,0.047637
point,1,0.05589
point,1,0.041667
point,1,0.041371
point,1,0.045063
point,1,0.043052
point,1,0.041707
point,1,0.04427
point,1,0.042608
point,1,0.042651
point,1,0.041492
point,1,0.044064
point,1,0.049561
point,1,0.044073
point,1,0.048118
point,1,0.050431
point,1,0.043737
point,1,0.043194
point,1,0.060592
point,1,0.044182
point,1,0.052968
point,1,0.046631
point,1,0.044185
point,1,0.043687
point,1,0.048045
point,1,0.042621
point,1,0.044035
point,1,0.045973
point,1,0.044312
point,1,0.042662
point,1,0.045263
point,1,0.042344
point,1,0.045848
point,1,0.047202
point,1,0.046387
point,1,0.045592
point,1,0.046536
point,1,0.042138
point,1,0.042283
point,1,0.045153
point,1,0.042191
point,1,0.047634
point,1,0.043957
point,1,0.046362
point,1,0.045434
point,1,0.058461
point,1,0.046107
point,1,0.043733
point,1,0.045903
point,1,0.048376
point,1,0.044299
point,1,0.045796
point,1,0.045692
point,1,0.049984
point,1,0.046741
point,1,0.053014
point,1,0.046408
point,1,0.047668
point,1,0.045822
point,1,0.047983
point,1,0.044628
point,1,0.044305
point,1,0.044602
point,1,0.056042
point,1,0.042761
point,1,0.045718
point,1,0.044656
point,1,0.048822
point,1,0.045687
point,1,0.045491
point,1,0.049397
point,1,0.044023
point,1,0.045385
point,1,0.045669
point,1,0.047261
point,1,0.044405
point,1,0.045543
point,1,0.044734
point,1,0.046511
point,1,0.044559
point,1,0.043241
point,1,0.044319
point,1,0.050918
point,1,0.047919
point,1,0.044476
point,1,0.045278
point,1,0.051167
point,1,0.044104
point,1,0.043534
point,1,0.043097
point,1,0.043728
point,1,0.045661
point,1,0.047895
point,1,0.046666
point,1,0.046113
point,1,0.050814
point,1,0.044998
point,1,0.046483
point,1,0.044974
point,1,0.054905
point,1,0.04228
point,1,0.0444
point,1,0.043476
point,1,0.046862
point,1,0.045238
point,1,0.044745
point,1,0.043518
point,1,0.048625
point,1,0.049994
point,1,0.046354
point,1,0.045462
point,1,0.049755
point,1,0.043782
point,1,0.044247
point,1,0.044189
point,1,0.044834
point,1,0.04144
point,1,0.046553
point,1,0.047991
point,1,0.044737
point,1,0.042674
point,1,0.044585
point,1,0.042825
point,1,0.046058
point,1,0.043505
point,1,0.044535
point,1,0.040472
point,1,0.042576
point,1,0.043901
point,1,0.043851
point,1,0.045947
point,1,0.043416
point,1,0.05333
point,1,0.043816
point,1,0.043134
point,1,0.042655
point,1,0.049904
point,1,0.045023
point,1,0.043092
point,1,0.04429
point,1,0.044392
point,1,0.045351
point,1,0.045857
point,1,0.045342
point,1,0.046557
point,1,0.04393
point,1,0.045513
point,1,0.042588
point,1,0.043916
point,1,0.047863
point,1,0.043575
point,1,0.045529
point,1,0.043085
point,1,0.043898
point,1,0.05442
point,1,0.043772
point,1,0.043729
point,1,0.048975
point,1,0.04693
point,1,0.046237
point,1,0.046575
point,1,0.046948
point,1,0.044334
point,1,0.048894
point,1,0.058806
point,1,0.051396
point,1,0.045508
point,1,0.044452
point,1,0.042793
point,1,0.047355
point,1,0.046023
point,1,0.043342
point,1,0.047081
point,1,0.043864
point,1,0.043719
point,1,0.042591
point,1,0.042753
point,1,0.051725
point,1,0.046841
point,1,0.042882
point,1,0.046102
point,1,0.045073
point,1,0.045343
point,1,0.047211
point,1,0.044221
point,1,0.04381
point,1,0.048559
point,1,0.0431
point,1,0.043102
point,1,0.043728
point,1,0.053978
point,1,0.045296
point,1,0.04208
point,1,0.043487
point,1,0.05648
point,1,0.046281
point,1,0.044027
point,1,0.042898
point,1,0.044044
point,1,0.044713
point,1,0.042732
point,1,0.041497
point,1,0.050437
point,1,0.044083
point,1,0.048359
point,1,0.043502
point,1,0.044132
point,1,0.048095
point,1,0.045714
point,1,0.054243
point,1,0.043144
point,1,0.046944
point,1,0.046048
point,1,0.042914
point,1,0.048014
point,1,0.050181
point,1,0.04412
point,1,0.045018
point,1,0.045762
point,1,0.050838
point,1,0.046685
point,1,0.04238
point,1,0.047358
point,1,0.042692
point,1,0.049015
point,1,0.046628
point,1,0.043878
point,1,0.052762
point,1,0.042227
point,1,0.04488
point,1,0.045573
point,1,0.048483
point,1,0.044002
point,1,0.046632
point,1,0.04435
point,1,0.043675
point,1,0.047077
point,1,0.043478
point,1,0.041704
point,1,0.043892
point,1,0.050963
point,1,0.047269
point,1,0.045173
point,1,0.045998
point,1,0.04434
point,1,0.048506
point,1,0.043191
point,1,0.049095
point,1,0.045154
point,1,0.043625
point,1,0.043516
point,1,0.043794
point,1,0.046046
point,1,0.045481
point,1,0.043735
point,1,0.042851
point,1,0.048649
point,1,0.045512
point,1,0.052211
point,1,0.043124
point,1,0.044699
point,1,0.053717
point,1,0.047574
point,1,0.043047
point,1,0.0436
point,1,0.047458
point,1,0.042322
point,1,0.044102
point,1,0.049619
point,1,0.045841
point,1,0.044432
point,1,0.046911
point,1,0.044096
point,1,0.043879
point,1,0.050756
point,1,0.046649
point,1,0.048523
point,1,0.045879
point,1,0.048479
point,1,0.044925
point,1,0.044786
point,1,0.049654
point,1,0.048348
point,1,0.04354
point,1,0.047084
point,1,0.048559
point,1,0.045514
point,1,0.043744
point,1,0.044534
point,1,0.046067
point,1,0.045228
point,1,0.044306
point,1,0.041137
point,1,0.04605
point,1,0.050813
point,1,0.044376
point,1,0.041952
point,1,0.04885
point,1,0.046941
point,1,0.04995
point,1,0.04605
point,1,0.043844
point,1,0.049042
point,1,0.046879
point,1,0.04595
point,1,0.045595
point,1,0.042324
point,1,0.043624
point,1,0.049627
point,1,0.04741
point,1,0.041997
point,1,0.042972
point,1,0.045765
point,1,0.047443
point,1,0.041412
point,1,0.045193
point,1,0.044897
point,1,0.045807
point,1,0.042565
point,1,0.047082
point,1,0.042034
point,1,0.045694
point,1,0.045456
point,1,0.049275
point,1,0.043285
point,1,0.051404
point,1,0.046288
point,1,0.044806
point,1,0.045183
point,1,0.045382
point,1,0.043883
point,1,0.044981
point,1,0.04299
point,1,0.044282
point,1,0.042228
point,1,0.045478
point,1,0.043193
point,1,0.044791
point,1,0.05436
point,1,0.04396
point,1,0.047221
point,1,0.043825
point,1,0.04761
point,1,0.043513
point,1,0.052125
point,1,0.043639
point,1,0.045956
point,1,0.055097
point,1,0.047423
point,1,0.057011
point,1,0.043131
point,1,0.041708
point,1,0.048102
point,1,0.045062
point,1,0.045803
point,1,0.044622
point,1,0.044783
point,1,0.044661
point,1,0.046328
point,1,0.045463
point,1,0.044712
point,1,0.042783
point,1,0.043574
point,1,0.046575
point,1,0.042189
point,1,0.045532
point,1,0.043686
point,1,0.042645
point,1,0.044047
point,1,0.047762
point,1,0.044246
point,1,0.043772
point,1,0.046393
point,1,0.046946
point,1,0.050631
point,1,0.046802
point,1,0.043751
point,1,0.044353
point,1,0.046104
point,1,0.04375
point,1,0.046338
point,1,0.045777
point,1,0.042689
point,1,0.042762
point,1,0.043253
point,1,0.043205
point,1,0.045273
point,1,0.045226
point,1,0.044513
point,1,0.04694
point,1,0.046642
point,1,0.044808
point,1,0.043126
point,1,0.043382
point,1,0.057938
point,1,0.046125
point,1,0.044746
point,1,0.04489
point,1,0.049457
point,1,0.045293
point,1,0.043496
point,1,0.045973
point,1,0.042472
point,1,0.046577
point,1,0.047876
point,1,0.044364
point,1,0.044229
point,1,0.044655
point,1,0.047404
point,1,0.046118
point,1,0.046593
point,1,0.050221
point,1,0.046278
point,1,0.062354
point,1,0.047558
point,1,0.043736
point,1,0.043839
point,1,0.044081
point,1,0.043666
point,1,0.044176
point,1,0.043092
point,1,0.048936
point,1,0.042966
point,1,0.049645
point,1,0.046499
point,1,0.04594
point,1,0.044185
point,1,0.048778
point,1,0.045504
point,1,0.046018
point,1,0.044142
point,1,0.049163
point,1,0.044362
point,1,0.045003
point,1,0.043992
point,1,0.044411
point,1,0.046828
point,1,0.044338
point,1,0.044391
point,1,0.048906
point,1,0.045243
point,1,0.045683
point,1,0.04478
point,1,0.045806
point,1,0.046144
point,1,0.047303
point,1,0.044959
point,1,0.044017
point,1,0.049962
point,1,0.048015
point,1,0.046312
point,1,0.045224
point,1,0.048092
point,1,0.045066
point,1,0.043291
point,1,0.049907
point,1,0.047584
point,1,0.046659
point,1,0.044757
point,1,0.043862
point,1,0.050927
point,1,0.044457
point,1,0.046982
point,1,0.04424
point,1,0.050296
point,1,0.045629
point,1,0.044676
point,1,0.046128
point,1,0.045819
point,1,0.04853
point,1,0.04633
point,1,0.047327
point,1,0.04699
point,1,0.042804
point,1,0.047965
point,1,0.044941
point,1,0.050096
point,1,0.051857
point,1,0.042544
point,1,0.051084
point,1,0.045616
point,1,0.047756
point,1,0.04435
point,1,0.044605
point,1,0.046119
point,1,0.05207
point,1,0.045078
point,1,0.045665
point,1,0.046057
point,1,0.058072
point,1,0.047523
point,1,0.044789
point,1,0.047405
point,1,0.057739
point,1,0.047705
point,1,0.045689
point,1,0.052564
point,1,0.047776
point,1,0.051668
point,1,0.046484
point,1,0.044547
point,1,0.045815
point,1,0.045915
point,1,0.050211
point,1,0.052808
point,1,0.046517
point,1,0.048053
point,1,0.046956
point,1,0.048963
point,1,0.045605
point,1,0.04694
point,1,0.045524
point,1,0.047342
point,1,0.049544
point,1,0.04654
point,1,0.044165
point,1,0.045238
point,1,0.045763
point,1,0.048554
point,1,0.044331
point,1,0.046006
point,1,0.043968
point,1,0.0544
point,1,0.046316
point,1,0.043914
point,1,0.04495
point,1,0.049922
point,1,0.043522
point,1,0.041581
point,1,0.04958
point,1,0.042817
point,1,0.044305
point,1,0.043886
point,1,0.045349
point,1,0.044085
point,1,0.04541
point,1,0.04286
point,1,0.047556
point,1,0.046387
point,1,0.046531
point,1,0.043861
point,1,0.046401
point,1,0.045363
point,1,0.056571
point,1,0.047096
point,1,0.052733
point,1,0.045197
point,1,0.047558
point,1,0.044014
point,1,0.046281
point,1,0.044656
point,1,0.049673
point,1,0.046238
point,1,0.043413
point,1,0.045411
point,1,0.052091
point,1,0.046803
point,1,0.045058
point,1,0.047237
point,1,0.044562
point,1,0.045699
point,1,0.046291
point,1,0.044525
point,1,0.047202
point,1,0.047585
point,1,0.047649
point,1,0.044449
point,1,0.044755
point,1,0.043801
point,1,0.045435
point,1,0.045339
point,1,0.043088
point,1,0.045494
point,1,0.04531
point,1,0.045206
point,1,0.045689
point,1,0.046167
point,1,0.04645
point,1,0.048361
point,1,0.052402
point,1,0.047567
point,1,0.049574
point,1,0.046149
point,1,0.052964
point,1,0.053393
point,1,0.048453
point,1,0.049767
point,1,0.047682
point,1,0.052175
point,1,0.046016
point,1,0.0463
point,1,0.046169
point,1,0.051157
point,1,0.045036
point,1,0.045802
point,1,0.063704
point,1,0.051223
point,1,0.047621
point,1,0.046846
point,1,0.044946
point,1,0.04652
point,1,0.048248
point,1,0.055357
point,1,0.045862
point,1,0.046581
point,1,0.052523
point,1,0.045999
point,1,0.046682
point,1,0.046024
point,1,0.043367
point,1,0.04502
point,1,0.048778
point,1,0.043584
point,1,0.043883
point,1,0.045312
point,1,0.045539
point,1,0.044192
point,1,0.049388
point,1,0.046686
point,1,0.044973
point,1,0.044388
point,1,0.045031
point,1,0.043225
point,1,0.051465
point,1,0.050366
point,1,0.04938
point,1,0.047377
point,1,0.046906
point,1,0.045618
point,1,0.04699
point,1,0.046056
point,1,0.04877
point,1,0.045403
point,1,0.048487
point,1,0.046029
point,1,0.045601
point,1,0.04549
point,1,0.051186
point,1,0.04573
point,1,0.046324
point,1,0.045613
point,1,0.043955
point,1,0.044722
point,1,0.042765
point,1,0.047722
point,1,0.046669
point,1,0.045684
point,1,0.045025
point,1,0.044378
point,1,0.042434
point,1,0.046337
point,1,0.04454
point,1,0.04314
point,1,0.042783
point,1,0.051287
point,1,0.047359
point,1,0.047181
point,1,0.044095
point,1,0.052687
point,1,0.043736
point,1,0.050704
point,1,0.045726
point,1,0.048168
point,1,0.044831
point,1,0.055458
point,1,0.044031
point,1,0.05503
point,1,0.044531
point,1,0.044112
point,1,0.045031
point,1,0.045729
point,1,0.043651
point,1,0.04508
point,1,0.043809
point,1,0.045746
point,1,0.051651
point,1,0.046709
point,1,0.048721
point,1,0.095487
point,1,0.046712
point,1,0.045116
point,1,0.052577
point,1,0.047858
point,1,0.051905
point,1,0.045908
point,1,0.046733
point,1,0.046086
point,1,0.046735
point,1,0.045948
point,1,0.046109
point,1,0.046037
point,1,0.048589
point,1,0.051216
point,1,0.043415
point,1,0.048273
point,1,0.041848
point,1,0.04694
point,1,0.045835
point,1,0.047597
point,1,0.047047
point,1,0.046417
point,1,0.044405
point,1,0.044821
point,1,0.049578
point,1,0.045941
point,1,0.052757
point,1,0.054315
point,1,0.048729
point,1,0.042737
point,1,0.04521
point,1,0.046551
point,1,0.051306
point,1,0.046428
point,1,0.046576
point,1,0.043725
point,1,0.048876
point,1,0.046119
point,1,0.046394
point,1,0.0535
point,1,0.046991
point,1,0.046595
point,1,0.042656
point,1,0.047496
point,1,0.04507
point,1,0.04763
point,1,0.046301
point,1,0.046425
point,1,0.046427
point,1,0.049697
point,1,0.057693
point,1,0.049026
point,1,0.048993
point,1,0.05475
point,1,0.046514
point,1,0.045382
point,1,0.050545
point,1,0.047431
point,1,0.044698
point,1,0.044487
point,1,0.047552
point,1,0.046127
point,1,0.043552
point,1,0.042464
point,1,0.044607
point,1,0.049579
point,1,0.045878
point,1,0.048725
point,1,0.045104
point,1,0.047126
point,1,0.044457
point,1,0.042637
point,1,0.044632
point,1,0.049359
point,1,0.042872
point,1,0.04386
point,1,0.043021
point,1,0.042479
point,1,0.075627
point,1,0.04465
point,1,0.047623
point,1,0.045103
point,1,0.050925
point,1,0.047969
point,1,0.047929
point,1,0.051077
point,1,0.047385
point,1,0.043883
point,1,0.042034
point,1,0.049705
point,1,0.044372
point,1,0.042612
point,1,0.044766
point,1,0.045728
point,1,0.049893
point,1,0.047567
point,1,0.044597
point,1,0.044379
point,1,0.048622
point,1,0.042441
point,1,0.045884
point,1,0.046373
point,1,0.048791
point,1,0.042391
point,1,0.044803
point,1,0.046221
point,1,0.051922
point,1,0.051876
point,1,0.046651
point,1,0.047435
point,1,0.044465
point,1,0.046955
point,1,0.045059
point,1,0.045179
point,1,0.043521
point,1,0.043204
point,1,0.043856
point,1,0.048898
point,1,0.045924
point,1,0.044209
point,1,0.044127
point,1,0.047553
point,1,0.0441
point,1,0.047464
point,1,0.046404
point,1,0.044604
point,1,0.043479
point,1,0.048249
point,1,0.043744
point,1,0.042868
point,1,0.044439
point,1,0.047833
point,1,0.045662
point,1,0.045695
point,1,0.046558
point,1,0.04698
point,1,0.045033
point,1,0.04469
point,1,0.049771
point,1,0.042993
point,1,0.043614
point,1,0.04357
point,1,0.042998
point,1,0.05023
point,1,0.045832
point,1,0.04539
point,1,0.046174
point,1,0.046995
point,1,0.046296
point,1,0.04206
point,1,0.046399
point,1,0.049009
point,1,0.046535
point,1,0.046637
point,1,0.053931
point,1,0.052216
point,1,0.052029
point,1,0.043401
point,1,0.048131
point,1,0.044072
point,1,0.051047
point,1,0.046641
point,1,0.044511
point,1,0.043872
point,1,0.047588
point,1,0.047029
point,1,0.048741
point,1,0.046535
point,1,0.046153
point,1,0.043697
point,1,0.04697
point,1,0.048205
point,1,0.045586
point,1,0.043966
point,1,0.048778
point,1,0.050328
point,1,0.049469
point,1,0.05055
point,1,0.047233
point,1,0.046775
point,1,0.043322
point,1,0.046368
point,1,0.044883
point,1,0.045856
point,1,0.047299
point,1,0.049728
point,1,0.04643
point,1,0.044956
point,1,0.04846
point,1,0.057678
point,1,0.048842
point,1,0.047271
point,1,0.049888
point,1,0.05117
point,1,0.044537
point,1,0.045678
point,1,0.047895
point,1,0.047881
point,1,0.04718
point,1,0.045496
point,1,0.04606
point,1,0.046541
point,1,0.05169
point,1,0.046536
point,1,0.047107
point,1,0.044995
point,1,0.045226
point,1,0.045532
point,1,0.047932
point,1,0.045548
point,1,0.045768
point,1,0.046349
point,1,0.0467
point,1,0.050077
point,1,0.046555
point,1,0.046645
point,1,0.051508
point,1,0.047109
point,1,0.045036
point,1,0.044772
point,1,0.046536
point,1,0.044854
point,1,0.049617
point,1,0.046384
point,1,0.046795
point,1,0.049932
point,1,0.048956
point,1,0.045745
point,1,0.046597
point,1,0.052386
point,1,0.052231
point,1,0.046386
point,1,0.046191
point,1,0.043204
point,1,0.04874
point,1,0.046103
point,1,0.044456
point,1,0.046471
point,1,0.049846
point,1,0.043195
point,1,0.04454
point,1,0.107004
point,1,0.123384
point,1,0.045544
point,1,0.046401
point,1,0.048457
point,1,0.045466
point,1,0.055834
point,1,0.043601
point,1,0.044289
point,1,0.050478
point,1,0.045653
point,1,0.052438
point,1,0.045137
point,1,0.045473
point,1,0.049901
point,1,0.044766
point,1,0.046344
point,1,0.045288
point,1,0.046318
point,1,0.045924
point,1,0.048088
point,1,0.046024
point,1,0.044831
point,1,0.043889
point,1,0.045959
point,1,0.04884
point,1,0.044827
point,1,0.046521
point,1,0.045253
point,1,0.048089
point,1,0.042652
point,1,0.051163
point,1,0.04519
point,1,0.050586
point,1,0.046866
point,1,0.045004
point,1,0.050153
point,1,0.049795
point,1,0.043669
point,1,0.043756
point,1,0.046335
point,1,0.048904
point,1,0.045517
point,1,0.045778
point,1,0.045243
point,1,0.046673
point,1,0.044987
point,1,0.044122
point,1,0.060576
point,1,0.045491
point,1,0.046902
point,1,0.046709
point,1,0.045271
point,1,0.043604
point,1,0.049764
point,1,0.052915
point,1,0.046597
point,1,0.04418
point,1,0.049829
point,1,0.048895
point,1,0.044193
point,1,0.045226
point,1,0.047982
point,1,0.044776
point,1,0.047283
point,1,0.049769
point,1,0.048308
point,1,0.045659
point,1,0.048825
point,1,0.046369
point,1,0.052937
point,1,0.046539
point,1,0.044105
point,1,0.045259
point,1,0.049259
point,1,0.04712
point,1,0.044518
point,1,0.044476
point,1,0.044339
point,1,0.042421
point,1,0.043538
point,1,0.068103
point,1,0.063888
point,1,0.049614
point,1,0.044409
point,1,0.051945
point,1,0.053176
point,1,0.045015
point,1,0.043158
point,1,0.041782
point,1,0.044247
point,1,0.041847
point,1,0.046059
point,1,0.043644
point,1,0.047843
point,1,0.048065
point,1,0.043054
point,1,0.044478
point,1,0.043973
point,1,0.049017
point,1,0.048582
point,1,0.04568
point,1,0.053132
point,1,0.050559
point,1,0.044333
point,1,0.043246
point,1,0.055184
point,1,0.047901
point,1,0.046704
point,1,0.045563
point,1,0.042622
point,1,0.05158
point,1,0.047566
point,1,0.046321
point,1,0.042834
point,1,0.050344
point,1,0.047508
point,1,0.045873
point,1,0.04724
point,1,0.04647
point,1,0.045595
point,1,0.046251
point,1,0.048393
point,1,0.053659
point,1,0.046105
point,1,0.042689
point,1,0.045821
point,1,0.045178
point,1,0.04235
point,1,0.046957
point,1,0.043087
point,1,0.047162
point,1,0.044111
point,1,0.044576
point,1,0.045306
point,1,0.053927
point,1,0.045884
point,1,0.042956
point,1,0.043393
point,1,0.047974
point,1,0.047329
point,1,0.043673
point,1,0.044311
point,1,0.043256
point,1,0.046807
point,1,0.047687
point,1,0.044193
point,1,0.04777
point,1,0.046924
point,1,0.055525
point,1,0.047184
point,1,0.049966
point,1,0.050529
point,1,0.047862
point,1,0.044548
point,1,0.045507
point,1,0.052969
point,1,0.050491
point,1,0.044423
point,1,0.052125
point,1,0.045541
point,1,0.05385
point,1,0.047598
point,1,0.049643
point,1,0.051023
point,1,0.044798
point,1,0.045269
point,1,0.046429
point,1,0.046868
point,1,0.057956
point,1,0.045876
point,1,0.047206
point,1,0.043409
point,1,0.048602
point,1,0.043024
point,1,0.04472
point,1,0.047467
point,1,0.045261
point,1,0.041432
point,1,0.045135
point,1,0.043044
point,1,0.047433
point,1,0.04733
point,1,0.046076
point,1,0.045838
point,1,0.050254
point,1,0.047517
point,1,0.050994
point,1,0.04484
point,1,0.04763
point,1,0.046077
point,1,0.04642
point,1,0.043808
point,1,0.05022
point,1,0.048588
point,1,0.047746
point,1,0.042452
point,1,0.050289
point,1,0.044984
point,1,0.0466
point,1,0.044711
point,1,0.046599
point,1,0.0451
point,1,0.051094
point,1,0.044831
point,1,0.045779
point,1,0.045436
point,1,0.042305
point,1,0.045867
point,1,0.043856
point,1,0.044987
point,1,0.042939
point,1,0.04452
mean,1,0.04664197426659800
point,2,0.055791
point,2,0.043085
point,2,0.051368
point,2,0.043203
point,2,0.053182
point,2,0.049201
point,2,0.043782
point,2,0.04436
point,2,0.04622
point,2,0.047546
point,2,0.052484
point,2,0.044441
point,2,0.044188
point,2,0.04506
point,2,0.04452
point,2,0.060849
point,2,0.047986
point,2,0.04551
point,2,0.04379
point,2,0.063969
point,2,0.051867
point,2,0.043707
point,2,0.048961
point,2,0.043934
point,2,0.046626
point,2,0.049522
point,2,0.045048
point,2,0.0488
point,2,0.044338
point,2,0.047798
point,2,0.058964
point,2,0.052131
point,2,0.043802
point,2,0.045562
point,2,0.046237
point,2,0.050838
point,2,0.046487
point,2,0.044421
point,2,0.04283
point,2,0.045625
point,2,0.048972
point,2,0.047756
point,2,0.044627
point,2,0.048129
point,2,0.044465
point,2,0.043927
point,2,0.04627
point,2,0.049682
point,2,0.048181
point,2,0.043788
point,2,0.05311
point,2,0.046269
point,2,0.047439
point,2,0.047787
point,2,0.045083
point,2,0.045966
point,2,0.046818
point,2,0.047409
point,2,0.045112
point,2,0.047868
point,2,0.048519
point,2,0.051758
point,2,0.045392
point,2,0.044875
point,2,0.047116
point,2,0.046414
point,2,0.046345
point,2,0.045355
point,2,0.044852
point,2,0.050995
point,2,0.072757
point,2,0.050558
point,2,0.044826
point,2,0.049098
point,2,0.048568
point,2,0.045914
point,2,0.045274
point,2,0.051916
point,2,0.048639
point,2,0.049437
point,2,0.044208
point,2,0.046707
point,2,0.045407
point,2,0.045386
point,2,0.050643
point,2,0.049011
point,2,0.049856
point,2,0.0477
point,2,0.048317
point,2,0.046861
point,2,0.044987
point,2,0.050507
point,2,0.047897
point,2,0.04738
point,2,0.046887
point,2,0.045242
point,2,0.046444
point,2,0.044486
point,2,0.047838
point,2,0.045052
point,2,0.04418
point,2,0.047193
point,2,0.050214
point,2,0.045349
point,2,0.047083
point,2,0.044966
point,2,0.046201
point,2,0.044742
point,2,0.046439
point,2,0.04868
point,2,0.049181
point,2,0.044445
point,2,0.048064
point,2,0.044492
point,2,0.049532
point,2,0.044475
point,2,0.045712
point,2,0.04618
point,2,0.043383
point,2,0.049577
point,2,0.044794
point,2,0.046058
point,2,0.044481
point,2,0.0453
point,2,0.044417
point,2,0.046153
point,2,0.046246
point,2,0.054
point,2,0.043164
point,2,0.047338
point,2,0.043939
point,2,0.04432
point,2,0.049944
point,2,0.046846
point,2,0.044899
point,2,0.049335
point,2,0.047967
point,2,0.046743
point,2,0.044942
point,2,0.046883
point,2,0.044715
point,2,0.044451
point,2,0.046784
point,2,0.050771
point,2,0.055907
point,2,0.04618
point,2,0.046319
point,2,0.055231
point,2,0.046285
point,2,0.044843
point,2,0.048877
point,2,0.049607
point,2,0.049157
point,2,0.049032
point,2,0.047315
point,2,0.052517
point,2,0.047914
point,2,0.04801
point,2,0.044524
point,2,0.048236
point,2,0.05286
point,2,0.045479
point,2,0.048226
point,2,0.050751
point,2,0.045106
point,2,0.05096
point,2,0.047924
point,2,0.058289
point,2,0.04522
point,2,0.05358
point,2,0.045732
point,2,0.048362
point,2,0.049926
point,2,0.050034
point,2,0.046569
point,2,0.053016
point,2,0.0442
point,2,0.050233
point,2,0.046057
point,2,0.046424
point,2,0.047433
point,2,0.046268
point,2,0.043808
point,2,0.047802
point,2,0.045905
point,2,0.043941
point,2,0.044728
point,2,0.048731
point,2,0.047079
point,2,0.046689
point,2,0.04885
point,2,0.048314
point,2,0.048769
point,2,0.049297
point,2,0.050231
point,2,0.045557
point,2,0.045613
point,2,0.044733
point,2,0.046214
point,2,0.045917
point,2,0.047889
point,2,0.048061
point,2,0.04792
point,2,0.047835
point,2,0.043662
point,2,0.046047
point,2,0.046788
point,2,0.045563
point,2,0.044618
point,2,0.045362
point,2,0.049613
point,2,0.054314
point,2,0.04404
point,2,0.046805
point,2,0.046481
point,2,0.045356
point,2,0.045625
point,2,0.0452
point,2,0.04566
point,2,0.046652
point,2,0.04618
point,2,0.047659
point,2,0.045096
point,2,0.045164
point,2,0.048509
point,2,0.048413
point,2,0.04564
point,2,0.043655
point,2,0.046519
point,2,0.047195
point,2,0.049269
point,2,0.042928
point,2,0.048543
point,2,0.046315
point,2,0.050755
point,2,0.050242
point,2,0.044995
point,2,0.048419
point,2,0.047828
point,2,0.045054
point,2,0.047033
point,2,0.047555
point,2,0.045017
point,2,0.044271
point,2,0.051256
point,2,0.04884
point,2,0.045064
point,2,0.046371
point,2,0.044889
point,2,0.046716
point,2,0.044912
point,2,0.044842
point,2,0.048967
point,2,0.052217
point,2,0.049584
point,2,0.047873
point,2,0.045763
point,2,0.051205
point,2,0.045031
point,2,0.04951
point,2,0.045146
point,2,0.046318
point,2,0.048991
point,2,0.047596
point,2,0.050324
point,2,0.048852
point,2,0.048054
point,2,0.046204
point,2,0.046402
point,2,0.045207
point,2,0.047459
point,2,0.045556
point,2,0.04524
point,2,0.046027
point,2,0.045928
point,2,0.049246
point,2,0.049263
point,2,0.044526
point,2,0.053812
point,2,0.04854
point,2,0.053875
point,2,0.044937
point,2,0.045403
point,2,0.047203
point,2,0.049438
point,2,0.048323
point,2,0.049606
point,2,0.048477
point,2,0.046597
point,2,0.048397
point,2,0.049688
point,2,0.04507
point,2,0.046767
point,2,0.04554
point,2,0.047326
point,2,0.045011
point,2,0.046472
point,2,0.045789
point,2,0.04787
point,2,0.049755
point,2,0.048657
point,2,0.049272
point,2,0.046778
point,2,0.047371
point,2,0.044816
point,2,0.047146
point,2,0.047576
point,2,0.045712
point,2,0.046886
point,2,0.045766
point,2,0.046773
point,2,0.051066
point,2,0.048554
point,2,0.0531
point,2,0.046673
point,2,0.04824
point,2,0.046432
point,2,0.047259
point,2,0.051144
point,2,0.051475
point,2,0.045649
point,2,0.045429
point,2,0.047831
point,2,0.046502
point,2,0.048005
point,2,0.047367
point,2,0.047438
point,2,0.044897
point,2,0.047686
point,2,0.044173
point,2,0.045587
point,2,0.047149
point,2,0.046728
point,2,0.044443
point,2,0.045552
point,2,0.047218
point,2,0.051625
point,2,0.055369
point,2,0.047989
point,2,0.046447
point,2,0.045761
point,2,0.050178
point,2,0.054938
point,2,0.046403
point,2,0.046204
point,2,0.047402
point,2,0.049495
point,2,0.046948
point,2,0.046467
point,2,0.04479
point,2,0.047388
point,2,0.045678
point,2,0.050747
point,2,0.047253
point,2,0.045027
point,2,0.048134
point,2,0.04582
point,2,0.046834
point,2,0.047233
point,2,0.051144
point,2,0.048517
point,2,0.047813
point,2,0.04568
point,2,0.047327
point,2,0.04713
point,2,0.048862
point,2,0.0474
point,2,0.051198
point,2,0.04867
point,2,0.053663
point,2,0.046959
point,2,0.045596
point,2,0.049125
point,2,0.046831
point,2,0.052647
point,2,0.050201
point,2,0.052671
point,2,0.065519
point,2,0.047299
point,2,0.058408
point,2,0.052215
point,2,0.048306
point,2,0.05714
point,2,0.055808
point,2,0.058494
point,2,0.047864
point,2,0.046142
point,2,0.047818
point,2,0.045731
point,2,0.048796
point,2,0.045535
point,2,0.047508
point,2,0.04949
point,2,0.053421
point,2,0.052059
point,2,0.049619
point,2,0.044546
point,2,0.0448
point,2,0.044872
point,2,0.06334
point,2,0.051056
point,2,0.044271
point,2,0.047282
point,2,0.04475
point,2,0.046904
point,2,0.045525
point,2,0.045877
point,2,0.049459
point,2,0.044518
point,2,0.045565
point,2,0.0451
point,2,0.044732
point,2,0.044438
point,2,0.051378
point,2,0.046368
point,2,0.045658
point,2,0.046563
point,2,0.049127
point,2,0.050779
point,2,0.045914
point,2,0.047224
point,2,0.058221
point,2,0.045778
point,2,0.045462
point,2,0.046607
point,2,0.079038
point,2,0.048646
point,2,0.046313
point,2,0.049245
point,2,0.0455
point,2,0.04639
point,2,0.050449
point,2,0.047082
point,2,0.047522
point,2,0.046783
point,2,0.04881
point,2,0.05607
point,2,0.050901
point,2,0.044705
point,2,0.047144
point,2,0.045601
point,2,0.054331
point,2,0.052575
point,2,0.051913
point,2,0.068368
point,2,0.046873
point,2,0.046726
point,2,0.049793
point,2,0.048001
point,2,0.057799
point,2,0.047064
point,2,0.049006
point,2,0.05849
point,2,0.052996
point,2,0.048422
point,2,0.046379
point,2,0.046161
point,2,0.053176
point,2,0.047134
point,2,0.05268
point,2,0.052047
point,2,0.047769
point,2,0.050831
point,2,0.0474
point,2,0.054961
point,2,0.047715
point,2,0.052242
point,2,0.053343
point,2,0.046963
point,2,0.056727
point,2,0.04739
point,2,0.05557
point,2,0.056864
point,2,0.044466
point,2,0.047732
point,2,0.052458
point,2,0.044557
point,2,0.053914
point,2,0.047996
point,2,0.046156
point,2,0.046986
point,2,0.046255
point,2,0.047009
point,2,0.04695
point,2,0.047922
point,2,0.054259
point,2,0.056515
point,2,0.060341
point,2,0.04695
point,2,0.047977
point,2,0.048949
point,2,0.049246
point,2,0.051785
point,2,0.049718
point,2,0.048782
point,2,0.046159
point,2,0.047625
point,2,0.050272
point,2,0.048042
point,2,0.045683
point,2,0.046247
point,2,0.04654
point,2,0.046408
point,2,0.045723
point,2,0.049481
point,2,0.046569
point,2,0.048085
point,2,0.048722
point,2,0.047005
point,2,0.052195
point,2,0.049592
point,2,0.044974
point,2,0.04462
point,2,0.046328
point,2,0.052106
point,2,0.051348
point,2,0.043607
point,2,0.05188
point,2,0.049529
point,2,0.044935
point,2,0.047837
point,2,0.046588
point,2,0.048126
point,2,0.044603
point,2,0.046083
point,2,0.066587
point,2,0.04434
point,2,0.049098
point,2,0.049685
point,2,0.048041
point,2,0.050127
point,2,0.050978
point,2,0.050325
point,2,0.057747
point,2,0.049876
point,2,0.04927
point,2,0.045303
point,2,0.051519
point,2,0.046181
point,2,0.047084
point,2,0.045406
point,2,0.045871
point,2,0.04531
point,2,0.070546
point,2,0.046907
point,2,0.0482
point,2,0.050318
point,2,0.04465
point,2,0.04896
point,2,0.049952
point,2,0.045678
point,2,0.042911
point,2,0.04621
point,2,0.054137
point,2,0.044388
point,2,0.046174
point,2,0.045286
point,2,0.045652
point,2,0.050409
point,2,0.048278
point,2,0.046494
point,2,0.047878
point,2,0.044878
point,2,0.049966
point,2,0.045156
point,2,0.046304
point,2,0.047072
point,2,0.048739
point,2,0.047343
point,2,0.047035
point,2,0.043974
point,2,0.044313
point,2,0.045236
point,2,0.045127
point,2,0.043206
point,2,0.048652
point,2,0.047825
point,2,0.049286
point,2,0.045794
point,2,0.044433
point,2,0.04309
point,2,0.048676
point,2,0.04784
point,2,0.046331
point,2,0.049659
point,2,0.046412
point,2,0.049653
point,2,0.045654
point,2,0.046251
point,2,0.04645
point,2,0.046542
point,2,0.046566
point,2,0.052717
point,2,0.045616
point,2,0.048123
point,2,0.044799
point,2,0.059124
point,2,0.045044
point,2,0.053179
point,2,0.04548
point,2,0.046357
point,2,0.044438
point,2,0.051707
point,2,0.048319
point,2,0.05075
point,2,0.051739
point,2,0.046849
point,2,0.043359
point,2,0.045726
point,2,0.050356
point,2,0.045981
point,2,0.058707
point,2,0.043994
point,2,0.046797
point,2,0.051041
point,2,0.045728
point,2,0.046563
point,2,0.048043
point,2,0.049755
point,2,0.046184
point,2,0.046494
point,2,0.044028
point,2,0.048733
point,2,0.047208
point,2,0.0481
point,2,0.045885
point,2,0.059273
point,2,0.053321
point,2,0.045064
point,2,0.054688
point,2,0.04582
point,2,0.043767
point,2,0.04393
point,2,0.047911
point,2,0.048804
point,2,0.044572
point,2,0.045353
point,2,0.046072
point,2,0.048194
point,2,0.045265
point,2,0.045564
point,2,0.044799
point,2,0.051392
point,2,0.050241
point,2,0.047384
point,2,0.045232
point,2,0.046659
point,2,0.047819
point,2,0.048264
point,2,0.049063
point,2,0.046228
point,2,0.043531
point,2,0.047416
point,2,0.065746
point,2,0.048913
point,2,0.047141
point,2,0.047905
point,2,0.044439
point,2,0.046515
point,2,0.046798
point,2,0.052091
point,2,0.045799
point,2,0.045201
point,2,0.047256
point,2,0.048248
point,2,0.053871
point,2,0.047446
point,2,0.046686
point,2,0.046398
point,2,0.045494
point,2,0.044226
point,2,0.050182
point,2,0.04706
point,2,0.046798
point,2,0.048191
point,2,0.052374
point,2,0.051667
point,2,0.046426
point,2,0.052313
point,2,0.047185
point,2,0.043825
point,2,0.049396
point,2,0.048873
point,2,0.05011
point,2,0.055882
point,2,0.04766
point,2,0.045036
point,2,0.048319
point,2,0.047914
point,2,0.045788
point,2,0.045134
point,2,0.046195
point,2,0.045433
point,2,0.051577
point,2,0.04464
point,2,0.043377
point,2,0.044937
point,2,0.045646
point,2,0.048004
point,2,0.046755
point,2,0.050907
point,2,0.046544
point,2,0.045898
point,2,0.04485
point,2,0.044299
point,2,0.044154
point,2,0.064481
point,2,0.043919
point,2,0.047981
point,2,0.046087
point,2,0.054572
point,2,0.048498
point,2,0.04508
point,2,0.046711
point,2,0.045163
point,2,0.045919
point,2,0.043822
point,2,0.043734
point,2,0.047728
point,2,0.045283
point,2,0.044883
point,2,0.044302
point,2,0.04518
point,2,0.045138
point,2,0.043563
point,2,0.046814
point,2,0.051076
point,2,0.047408
point,2,0.049682
point,2,0.045411
point,2,0.045859
point,2,0.048299
point,2,0.047555
point,2,0.045138
point,2,0.044577
point,2,0.056602
point,2,0.046711
point,2,0.04417
point,2,0.045881
point,2,0.046715
point,2,0.041772
point,2,0.04422
point,2,0.044177
point,2,0.045257
point,2,0.049362
point,2,0.049399
point,2,0.054929
point,2,0.043846
point,2,0.044038
point,2,0.053178
point,2,0.044365
point,2,0.047215
point,2,0.050993
point,2,0.044296
point,2,0.051992
point,2,0.044995
point,2,0.045903
point,2,0.044304
point,2,0.047509
point,2,0.044413
point,2,0.047748
point,2,0.042961
point,2,0.045098
point,2,0.049498
point,2,0.043839
point,2,0.04704
point,2,0.046456
point,2,0.048051
point,2,0.04521
point,2,0.047566
point,2,0.045137
point,2,0.04474
point,2,0.053467
point,2,0.045191
point,2,0.045917
point,2,0.047185
point,2,0.048798
point,2,0.053326
point,2,0.05024
point,2,0.047303
point,2,0.047816
point,2,0.04677
point,2,0.049837
point,2,0.04682
point,2,0.049487
point,2,0.05523
point,2,0.045826
point,2,0.048533
point,2,0.046798
point,2,0.046678
point,2,0.049657
point,2,0.046676
point,2,0.052404
point,2,0.050547
point,2,0.049186
point,2,0.047016
point,2,0.048553
point,2,0.050077
point,2,0.045603
point,2,0.052912
point,2,0.047753
point,2,0.04844
point,2,0.049851
point,2,0.044089
point,2,0.050353
point,2,0.046423
point,2,0.046556
point,2,0.047498
point,2,0.047889
point,2,0.046295
point,2,0.053862
point,2,0.044109
point,2,0.046427
point,2,0.044938
point,2,0.049523
point,2,0.043705
point,2,0.04636
point,2,0.04635
point,2,0.042532
point,2,0.052242
point,2,0.045068
point,2,0.047344
point,2,0.055979
point,2,0.048284
point,2,0.047242
point,2,0.047909
point,2,0.046521
point,2,0.100049
point,2,0.046519
point,2,0.043948
point,2,0.044837
point,2,0.049182
point,2,0.045984
point,2,0.049171
point,2,0.047477
point,2,0.04954
point,2,0.050734
point,2,0.048589
point,2,0.047766
point,2,0.0471
point,2,0.046001
point,2,0.047786
point,2,0.047473
point,2,0.053895
point,2,0.048706
point,2,0.057347
point,2,0.047635
point,2,0.045151
point,2,0.047226
point,2,0.047239
point,2,0.045664
point,2,0.049777
point,2,0.045653
point,2,0.051138
point,2,0.045863
point,2,0.047848
point,2,0.045254
point,2,0.04621
point,2,0.047551
point,2,0.044809
point,2,0.04755
point,2,0.048944
point,2,0.046832
point,2,0.043222
point,2,0.044771
point,2,0.044117
point,2,0.046958
point,2,0.052682
point,2,0.05477
point,2,0.046265
point,2,0.044247
point,2,0.048946
point,2,0.047599
point,2,0.053532
point,2,0.045974
point,2,0.048276
point,2,0.04751
point,2,0.046485
point,2,0.088231
point,2,0.048762
point,2,0.046965
point,2,0.044845
point,2,0.046718
point,2,0.046884
point,2,0.045416
point,2,0.05006
point,2,0.047698
point,2,0.04655
point,2,0.050279
point,2,0.047746
point,2,0.048912
point,2,0.046997
point,2,0.045662
point,2,0.050148
point,2,0.047796
point,2,0.047547
point,2,0.049848
point,2,0.044711
point,2,0.049254
point,2,0.048704
point,2,0.047515
point,2,0.049588
point,2,0.045401
point,2,0.047794
point,2,0.045112
point,2,0.046448
point,2,0.045764
point,2,0.04586
point,2,0.049529
point,2,0.047017
point,2,0.053689
point,2,0.043995
point,2,0.04573
point,2,0.047158
point,2,0.047167
point,2,0.046835
point,2,0.046048
point,2,0.052824
point,2,0.051167
point,2,0.048592
point,2,0.045228
point,2,0.044853
point,2,0.047433
point,2,0.047977
point,2,0.050138
point,2,0.04356
point,2,0.054857
point,2,0.045003
point,2,0.046299
point,2,0.049136
point,2,0.042838
point,2,0.050323
point,2,0.044451
point,2,0.046376
point,2,0.043637
point,2,0.045519
point,2,0.046857
point,2,0.044862
point,2,0.045391
point,2,0.045418
point,2,0.046837
point,2,0.043752
point,2,0.04661
point,2,0.054546
point,2,0.046763
point,2,0.048673
point,2,0.051251
point,2,0.047807
point,2,0.045863
point,2,0.046325
point,2,0.053883
point,2,0.047252
point,2,0.050145
point,2,0.046633
point,2,0.044956
point,2,0.052578
point,2,0.045756
point,2,0.050206
point,2,0.052383
point,2,0.053026
point,2,0.053371
point,2,0.047103
point,2,0.056182
point,2,0.048237
point,2,0.047562
point,2,0.045019
point,2,0.047156
point,2,0.047452
point,2,0.055948
point,2,0.050771
point,2,0.047439
mean,2,0.0480267765190525
point,4,0.057542
point,4,0.053586
point,4,0.04806
point,4,0.043144
point,4,0.065023
point,4,0.046754
point,4,0.050236
point,4,0.051092
point,4,0.050348
point,4,0.045143
point,4,0.054229
point,4,0.045035
point,4,0.048864
point,4,0.049076
point,4,0.04508
point,4,0.055492
point,4,0.046826
point,4,0.04632
point,4,0.045001
point,4,0.044119
point,4,0.045933
point,4,0.045509
point,4,0.046296
point,4,0.047538
point,4,0.049984
point,4,0.050443
point,4,0.053122
point,4,0.055351
point,4,0.05763
point,4,0.045641
point,4,0.046331
point,4,0.045668
point,4,0.05081
point,4,0.046758
point,4,0.050222
point,4,0.04482
point,4,0.051156
point,4,0.050078
point,4,0.047278
point,4,0.051213
point,4,0.049747
point,4,0.044935
point,4,0.043936
point,4,0.054421
point,4,0.047926
point,4,0.045728
point,4,0.055217
point,4,0.052158
point,4,0.043405
point,4,0.051917
point,4,0.047399
point,4,0.045658
point,4,0.052049
point,4,0.044176
point,4,0.04848
point,4,0.045177
point,4,0.051415
point,4,0.046414
point,4,0.046323
point,4,0.051927
point,4,0.047414
point,4,0.046268
point,4,0.049143
point,4,0.044789
point,4,0.04433
point,4,0.050552
point,4,0.048489
point,4,0.047871
point,4,0.046078
point,4,0.043938
point,4,0.05109
point,4,0.046987
point,4,0.045788
point,4,0.044033
point,4,0.044063
point,4,0.052922
point,4,0.04548
point,4,0.044293
point,4,0.04577
point,4,0.050288
point,4,0.047127
point,4,0.045806
point,4,0.046218
point,4,0.051533
point,4,0.046133
point,4,0.046379
point,4,0.044391
point,4,0.044981
point,4,0.045982
point,4,0.04909
point,4,0.050359
point,4,0.056448
point,4,0.050463
point,4,0.046709
point,4,0.046667
point,4,0.046997
point,4,0.046781
point,4,0.045058
point,4,0.04629
point,4,0.046643
point,4,0.045929
point,4,0.045072
point,4,0.047482
point,4,0.050875
point,4,0.049052
point,4,0.044151
point,4,0.045219
point,4,0.055806
point,4,0.048268
point,4,0.048661
point,4,0.047032
point,4,0.045391
point,4,0.048091
point,4,0.051089
point,4,0.04573
point,4,0.04936
point,4,0.045523
point,4,0.045258
point,4,0.04533
point,4,0.046225
point,4,0.049071
point,4,0.046669
point,4,0.046478
point,4,0.052748
point,4,0.063269
point,4,0.04787
point,4,0.046517
point,4,0.045673
point,4,0.045604
point,4,0.046429
point,4,0.050328
point,4,0.045903
point,4,0.053341
point,4,0.054149
point,4,0.049252
point,4,0.04688
point,4,0.04716
point,4,0.049445
point,4,0.045641
point,4,0.047397
point,4,0.045058
point,4,0.047799
point,4,0.04782
point,4,0.04815
point,4,0.046226
point,4,0.046894
point,4,0.048011
point,4,0.05493
point,4,0.050649
point,4,0.054495
point,4,0.051117
point,4,0.049889
point,4,0.049621
point,4,0.051256
point,4,0.049161
point,4,0.049315
point,4,0.048615
point,4,0.047944
point,4,0.047659
point,4,0.048619
point,4,0.048447
point,4,0.046698
point,4,0.049948
point,4,0.04687
point,4,0.049934
point,4,0.048687
point,4,0.048749
point,4,0.050268
point,4,0.055271
point,4,0.047624
point,4,0.050096
point,4,0.046772
point,4,0.048506
point,4,0.047398
point,4,0.047983
point,4,0.054513
point,4,0.057056
point,4,0.054057
point,4,0.045131
point,4,0.049136
point,4,0.043933
point,4,0.050035
point,4,0.04951
point,4,0.051857
point,4,0.055562
point,4,0.050189
point,4,0.046533
point,4,0.051683
point,4,0.055127
point,4,0.051799
point,4,0.048433
point,4,0.04777
point,4,0.04758
point,4,0.051905
point,4,0.047841
point,4,0.045406
point,4,0.048063
point,4,0.052197
point,4,0.049857
point,4,0.047216
point,4,0.04745
point,4,0.046206
point,4,0.047172
point,4,0.048141
point,4,0.046703
point,4,0.04758
point,4,0.053585
point,4,0.047091
point,4,0.049615
point,4,0.052144
point,4,0.048339
point,4,0.04866
point,4,0.052466
point,4,0.048551
point,4,0.047241
point,4,0.049253
point,4,0.04824
point,4,0.047402
point,4,0.046754
point,4,0.049544
point,4,0.050521
point,4,0.048553
point,4,0.051372
point,4,0.056212
point,4,0.049149
point,4,0.052242
point,4,0.046674
point,4,0.048497
point,4,0.047841
point,4,0.049692
point,4,0.05343
point,4,0.04461
point,4,0.056337
point,4,0.049064
point,4,0.046426
point,4,0.045667
point,4,0.052275
point,4,0.050163
point,4,0.044798
point,4,0.04605
point,4,0.049595
point,4,0.046266
point,4,0.047356
point,4,0.047023
point,4,0.045123
point,4,0.051184
point,4,0.046221
point,4,0.04721
point,4,0.047822
point,4,0.058051
point,4,0.050409
point,4,0.049702
point,4,0.047587
point,4,0.046744
point,4,0.048271
point,4,0.044998
point,4,0.058378
point,4,0.048267
point,4,0.051145
point,4,0.047543
point,4,0.048368
point,4,0.050828
point,4,0.046224
point,4,0.045456
point,4,0.045068
point,4,0.049862
point,4,0.049982
point,4,0.047836
point,4,0.048108
point,4,0.044543
point,4,0.046045
point,4,0.050713
point,4,0.048215
point,4,0.044037
point,4,0.049863
point,4,0.046908
point,4,0.049185
point,4,0.051138
point,4,0.045694
point,4,0.046628
point,4,0.054928
point,4,0.048316
point,4,0.046167
point,4,0.046182
point,4,0.046352
point,4,0.054343
point,4,0.046727
point,4,0.050017
point,4,0.054299
point,4,0.047587
point,4,0.04507
point,4,0.062031
point,4,0.045688
point,4,0.044033
point,4,0.047869
point,4,0.053361
point,4,0.048599
point,4,0.049453
point,4,0.045455
point,4,0.048801
point,4,0.049531
point,4,0.04673
point,4,0.046207
point,4,0.044151
point,4,0.0554
point,4,0.044066
point,4,0.046694
point,4,0.052815
point,4,0.045205
point,4,0.047245
point,4,0.046018
point,4,0.04704
point,4,0.045417
point,4,0.050077
point,4,0.055785
point,4,0.045497
point,4,0.044491
point,4,0.047438
point,4,0.045037
point,4,0.045237
point,4,0.046498
point,4,0.044179
point,4,0.050982
point,4,0.046868
point,4,0.047565
point,4,0.047195
point,4,0.047247
point,4,0.045384
point,4,0.046697
point,4,0.049745
point,4,0.04494
point,4,0.04771
point,4,0.047134
point,4,0.048642
point,4,0.046159
point,4,0.045826
point,4,0.04433
point,4,0.046224
point,4,0.046066
point,4,0.051498
point,4,0.046856
point,4,0.047433
point,4,0.04681
point,4,0.046852
point,4,0.048718
point,4,0.048454
point,4,0.046456
point,4,0.045985
point,4,0.055503
point,4,0.046563
point,4,0.047233
point,4,0.047364
point,4,0.046851
point,4,0.047032
point,4,0.047471
point,4,0.045755
point,4,0.047075
point,4,0.046925
point,4,0.051204
point,4,0.047335
point,4,0.046046
point,4,0.052135
point,4,0.044678
point,4,0.060368
point,4,0.052235
point,4,0.044071
point,4,0.049251
point,4,0.043323
point,4,0.046692
point,4,0.050112
point,4,0.044449
point,4,0.064205
point,4,0.044449
point,4,0.04855
point,4,0.047735
point,4,0.048529
point,4,0.052138
point,4,0.046774
point,4,0.046731
point,4,0.045523
point,4,0.044811
point,4,0.044156
point,4,0.044818
point,4,0.046093
point,4,0.051453
point,4,0.045772
point,4,0.047586
point,4,0.047935
point,4,0.049424
point,4,0.046622
point,4,0.046973
point,4,0.047665
point,4,0.045119
point,4,0.047692
point,4,0.048468
point,4,0.049469
point,4,0.045865
point,4,0.052542
point,4,0.04403
point,4,0.044864
point,4,0.050195
point,4,0.045416
point,4,0.049151
point,4,0.045154
point,4,0.046884
point,4,0.045881
point,4,0.045008
point,4,0.045771
point,4,0.046104
point,4,0.04521
point,4,0.046777
point,4,0.061754
point,4,0.047357
point,4,0.048784
point,4,0.076856
point,4,0.045475
point,4,0.047004
point,4,0.046776
point,4,0.045665
point,4,0.045837
point,4,0.046236
point,4,0.050866
point,4,0.049452
point,4,0.055164
point,4,0.0474
point,4,0.044885
point,4,0.046376
point,4,0.047009
point,4,0.049748
point,4,0.049336
point,4,0.045459
point,4,0.047442
point,4,0.045237
point,4,0.048545
point,4,0.04559
point,4,0.045339
point,4,0.051897
point,4,0.049527
point,4,0.049895
point,4,0.051479
point,4,0.044734
point,4,0.047546
point,4,0.046416
point,4,0.047413
point,4,0.052987
point,4,0.044854
point,4,0.044832
point,4,0.047547
point,4,0.04746
point,4,0.049032
point,4,0.047465
point,4,0.045884
point,4,0.058834
point,4,0.047733
point,4,0.043431
point,4,0.045506
point,4,0.043921
point,4,0.051219
point,4,0.043745
point,4,0.048739
point,4,0.044259
point,4,0.052978
point,4,0.057054
point,4,0.045293
point,4,0.046339
point,4,0.049022
point,4,0.046353
point,4,0.046611
point,4,0.045889
point,4,0.046205
point,4,0.045159
point,4,0.049537
point,4,0.046185
point,4,0.048178
point,4,0.046208
point,4,0.047901
point,4,0.046378
point,4,0.04503
point,4,0.053945
point,4,0.048214
point,4,0.0577
point,4,0.045354
point,4,0.052845
point,4,0.04487
point,4,0.046197
mean,4,0.04839331752577320
point,8,0.051362
point,8,0.060578
point,8,0.048817
point,8,0.0694
point,8,0.04732
point,8,0.049993
point,8,0.04604
point,8,0.050801
point,8,0.054686
point,8,0.05828
point,8,0.044423
point,8,0.050655
point,8,0.051906
point,8,0.046068
point,8,0.053556
point,8,0.047012
point,8,0.047015
point,8,0.045955
point,8,0.05559
point,8,0.055503
point,8,0.046665
point,8,0.048763
point,8,0.047215
point,8,0.045953
point,8,0.051477
point,8,0.046543
point,8,0.055278
point,8,0.047372
point,8,0.050795
point,8,0.049933
point,8,0.047739
point,8,0.045526
point,8,0.046126
point,8,0.054281
point,8,0.046591
point,8,0.049669
point,8,0.050432
point,8,0.04846
point,8,0.048095
point,8,0.077892
point,8,0.049813
point,8,0.047576
point,8,0.049676
point,8,0.047766
point,8,0.048145
point,8,0.052203
point,8,0.048677
point,8,0.043174
point,8,0.048373
point,8,0.052083
point,8,0.047111
point,8,0.053288
point,8,0.045709
point,8,0.047699
point,8,0.045992
point,8,0.050796
point,8,0.047458
point,8,0.050005
point,8,0.04862
point,8,0.049269
point,8,0.046298
point,8,0.050878
point,8,0.047033
point,8,0.045121
point,8,0.04801
point,8,0.053759
point,8,0.050612
point,8,0.047792
point,8,0.058626
point,8,0.044192
point,8,0.044555
point,8,0.045421
point,8,0.051101
point,8,0.049575
point,8,0.057943
point,8,0.048394
point,8,0.044563
point,8,0.050212
point,8,0.050754
point,8,0.046415
point,8,0.047477
point,8,0.046196
point,8,0.055591
point,8,0.049342
point,8,0.047297
point,8,0.045468
point,8,0.048849
point,8,0.046351
point,8,0.05235
point,8,0.061155
point,8,0.048546
point,8,0.046366
point,8,0.050622
point,8,0.059469
point,8,0.046259
point,8,0.045465
point,8,0.051763
point,8,0.047908
point,8,0.053519
point,8,0.044452
point,8,0.049179
point,8,0.04633
point,8,0.048629
point,8,0.047851
point,8,0.059885
point,8,0.047896
point,8,0.048412
point,8,0.046849
point,8,0.047141
point,8,0.053096
point,8,0.047657
point,8,0.044994
point,8,0.058815
point,8,0.045908
point,8,0.048635
point,8,0.049383
point,8,0.046364
point,8,0.045121
point,8,0.055069
point,8,0.050661
point,8,0.048169
point,8,0.046084
point,8,0.047115
point,8,0.047428
point,8,0.052052
point,8,0.047938
point,8,0.049546
point,8,0.049185
point,8,0.0445
point,8,0.052242
point,8,0.045621
point,8,0.045841
point,8,0.047302
point,8,0.049523
point,8,0.047631
point,8,0.047061
point,8,0.050195
point,8,0.051899
point,8,0.046163
point,8,0.049793
point,8,0.049862
point,8,0.046527
point,8,0.049757
point,8,0.055304
point,8,0.045945
point,8,0.054832
point,8,0.049987
point,8,0.050075
point,8,0.051544
point,8,0.048348
point,8,0.049665
point,8,0.048949
point,8,0.056222
point,8,0.054171
point,8,0.045418
point,8,0.047713
point,8,0.045501
point,8,0.047447
point,8,0.044878
point,8,0.046207
point,8,0.051741
point,8,0.047199
point,8,0.047622
point,8,0.045667
point,8,0.046338
point,8,0.049896
point,8,0.045799
point,8,0.044443
point,8,0.043549
point,8,0.046025
point,8,0.049811
point,8,0.051612
point,8,0.050156
point,8,0.050657
point,8,0.050125
point,8,0.048071
point,8,0.049799
point,8,0.048683
point,8,0.048154
point,8,0.046001
point,8,0.04547
point,8,0.059131
point,8,0.05334
point,8,0.044446
point,8,0.045293
point,8,0.044131
point,8,0.046811
point,8,0.046301
point,8,0.047135
point,8,0.046691
point,8,0.047039
point,8,0.049405
point,8,0.045684
point,8,0.048588
point,8,0.045556
point,8,0.047627
point,8,0.046786
point,8,0.045444
point,8,0.047922
point,8,0.063246
point,8,0.04965
point,8,0.05434
point,8,0.047574
point,8,0.049579
point,8,0.047275
point,8,0.048826
point,8,0.043452
point,8,0.046756
point,8,0.046904
point,8,0.059687
point,8,0.045707
point,8,0.045572
point,8,0.049837
point,8,0.046601
point,8,0.049411
point,8,0.049325
point,8,0.048355
point,8,0.061
point,8,0.051171
point,8,0.050036
point,8,0.045928
point,8,0.058274
point,8,0.046137
point,8,0.046192
point,8,0.048815
point,8,0.048517
point,8,0.050977
point,8,0.046533
point,8,0.049748
point,8,0.052653
point,8,0.052134
point,8,0.050318
point,8,0.050485
point,8,0.050774
point,8,0.046723
point,8,0.046057
point,8,0.047852
point,8,0.045111
point,8,0.046571
point,8,0.055046
point,8,0.045067
point,8,0.048391
mean,8,0.04928581404958680
point,16,0.049237
point,16,0.04877
point,16,0.048986
point,16,0.048395
point,16,0.057084
point,16,0.051719
point,16,0.050407
point,16,0.048723
point,16,0.049295
point,16,0.055393
point,16,0.046095
point,16,0.051511
point,16,0.051313
point,16,0.051454
point,16,0.051211
point,16,0.056606
point,16,0.050868
point,16,0.053031
point,16,0.047913
point,16,0.047617
point,16,0.050942
point,16,0.063593
point,16,0.051705
point,16,0.049935
point,16,0.053666
point,16,0.050349
point,16,0.050034
point,16,0.046742
point,16,0.050086
point,16,0.051835
point,16,0.057796
point,16,0.052009
point,16,0.05205
point,16,0.050788
point,16,0.049628
point,16,0.052464
point,16,0.049481
point,16,0.054194
point,16,0.049253
point,16,0.055255
point,16,0.04862
point,16,0.051539
point,16,0.050616
point,16,0.048376
point,16,0.049626
point,16,0.052025
point,16,0.048913
point,16,0.051784
point,16,0.047959
point,16,0.047801
point,16,0.05011
point,16,0.051832
point,16,0.050447
point,16,0.051962
point,16,0.05496
point,16,0.051222
point,16,0.04621
point,16,0.054852
point,16,0.04592
point,16,0.049779
point,16,0.047899
point,16,0.051258
point,16,0.049916
point,16,0.051718
point,16,0.047816
point,16,0.060793
point,16,0.055728
point,16,0.05356
point,16,0.051089
point,16,0.054554
point,16,0.050887
point,16,0.054956
point,16,0.047777
point,16,0.066784
point,16,0.051117
point,16,0.053032
point,16,0.048916
point,16,0.055166
point,16,0.056068
point,16,0.060655
point,16,0.051359
point,16,0.050174
point,16,0.051983
point,16,0.047496
point,16,0.050778
point,16,0.056349
point,16,0.052955
point,16,0.066033
point,16,0.053799
point,16,0.049973
point,16,0.045746
point,16,0.056293
point,16,0.054495
point,16,0.050792
point,16,0.048431
point,16,0.049284
point,16,0.047973
point,16,0.053229
point,16,0.05075
point,16,0.046765
point,16,0.048273
point,16,0.052645
point,16,0.045742
point,16,0.047601
point,16,0.047733
point,16,0.054103
point,16,0.04835
point,16,0.050144
point,16,0.046954
point,16,0.048332
point,16,0.059406
point,16,0.048965
point,16,0.049851
point,16,0.051379
point,16,0.055734
point,16,0.05728
point,16,0.054394
point,16,0.049628
point,16,0.055445
point,16,0.050479
point,16,0.049068
mean,16,0.05155238016528930
point,32,0.05394
point,32,0.052625
point,32,0.05297
point,32,0.050285
point,32,0.060094
point,32,0.048795
point,32,0.051589
point,32,0.058649
point,32,0.049822
point,32,0.052708
point,32,0.053584
point,32,0.053289
point,32,0.051272
point,32,0.058111
point,32,0.05307
point,32,0.062455
point,32,0.046978
point,32,0.057843
point,32,0.058262
point,32,0.04684
point,32,0.048873
point,32,0.049274
point,32,0.053367
point,32,0.092818
point,32,0.053997
point,32,0.048822
point,32,0.063182
point,32,0.050502
point,32,0.048912
point,32,0.054951
point,32,0.060852
point,32,0.057169
point,32,0.051011
point,32,0.050796
point,32,0.048387
point,32,0.061582
point,32,0.046798
point,32,0.05801
point,32,0.051277
point,32,0.049375
point,32,0.050244
point,32,0.051267
point,32,0.049361
point,32,0.051338
point,32,0.055794
point,32,0.063228
point,32,0.049478
point,32,0.050128
point,32,0.048658
point,32,0.052864
point,32,0.052983
point,32,0.055651
point,32,0.049612
point,32,0.050791
point,32,0.054689
point,32,0.050617
point,32,0.04802
point,32,0.056429
point,32,0.051897
point,32,0.048388
mean,32,0.05357621666666670
point,64,0.05777
point,64,0.056015
point,64,0.061865
point,64,0.059424
point,64,0.057637
point,64,0.058969
point,64,0.064968
point,64,0.061484
point,64,0.062624
point,64,0.062032
point,64,0.060772
point,64,0.065824
point,64,0.059433
point,64,0.056634
point,64,0.062463
point,64,0.069782
point,64,0.061397
point,64,0.062041
point,64,0.079847
point,64,0.057582
point,64,0.055475
point,64,0.055638
point,64,0.073788
point,64,0.070492
point,64,0.05898
point,64,0.054826
point,64,0.070081
point,64,0.067982
point,64,0.061102
point,64,0.062255
mean,64,0.062306066666666700
point,128,0.064463
point,128,0.06585
point,128,0.075628
point,128,0.065907
point,128,0.080082
point,128,0.075761
point,128,0.063557
point,128,0.071555
point,128,0.063466
point,128,0.076901
point,128,0.062413
point,128,0.073699
point,128,0.065266
point,128,0.065481
point,128,0.067905
mean,128,0.0691956
point,256,0.079193
point,256,0.094295
point,256,0.08473
point,256,0.083305
point,256,0.076417
point,256,0.086473
point,256,0.098646
mean,256,0.08615128571428570